,address,department,expert_team,inquisition,level,name,service_price_img,service_price_video,star
0,复旦大学附属华山医院,皮肤科,,5779,  副主任医师,朱小华,￥150,,9.9
1,复旦大学附属华山医院,皮肤科,专家团队,6111,  主治医师,王朵勤,￥78,￥200,10.0
2,四川大学华西医院,血液内科,,829,  主任医师,常红,￥90,￥200,10.0
3,复旦大学附属华山医院,皮肤科,,1419,  主治医师,刘孟国,￥58,,10.0
4,复旦大学附属华山医院,皮肤科,,2439,  主任医师,王家俊,￥200,,9.4
5,复旦大学附属华山医院,皮肤科,专家团队,822,  主任医师,杨勤萍,￥250,,9.0
6,复旦大学附属华山医院,皮肤科,专家团队,194,  主任医师,骆肖群,￥380,,9.4
7,复旦大学附属华山医院,皮肤科,专家团队,2304,  副主任医师,唐慧,￥150,￥300,9.9
8,中国人民解放军总医院301医院,骨科,专家团队,2092,  主治医师,陈超,￥50,￥60,9.9
9,复旦大学附属华山医院,皮肤科,专家团队,1003,  主治医师,沈燕芸,￥80,,9.9
10,四川大学华西医院,神经内科,,3648,  主治医师,张霖,￥59,￥59,9.9
11,四川大学华西医院,内分泌科,,1892,  住院医师,孟晓,￥12,￥20,10.0
12,中国人民解放军总医院301医院,神经内科,,8,  副主任医师,管锦群,￥200,￥300,9.6
13,北京协和医院,肾内科门诊,,30,  主任医师,高瑞通,￥500,￥1000,9.9
14,中国人民解放军总医院301医院,皮肤科,专家团队,788,  副主任医师,赵梓纲,￥70,￥100,10.0
15,北京协和医院,特需妇科门诊,专家团队,1131,  主任医师,杨隽钧,￥480,￥480,10.0
16,中国人民解放军总医院301医院,消化内科,,2444,  副主任医师,董为民,￥200,￥280,10.0
17,复旦大学附属华山医院,皮肤科,,725,  主治医师,吴家强,￥68,,10.0
18,四川大学华西医院,呼吸科,,1148,  主治医师,罗锋,￥100,,9.9
19,空军军医大学西京医院,普通外科,,3228,  主治医师,高天,￥25,￥66,9.8
20,复旦大学附属华山医院,皮肤科,专家团队,5498,  主任医师,李锋,￥200,￥400,9.3
21,复旦大学附属华山医院,皮肤科,,1001,  主治医师,刘晔,￥80,￥128,10.0
22,复旦大学附属华山医院,皮肤科,专家团队,21,  主治医师,韩凌,￥100,,10.0
23,北京协和医院,特需儿科门诊,,357,  主任医师,丁国芳,￥300,￥600,9.9
24,复旦大学附属华山医院,肿瘤科,,908,  主任医师,周鑫莉,￥150,￥300,9.7
25,中国人民解放军总医院301医院,肾脏病科,,622,  主治医师,肖枫林,￥149,￥269,9.9
26,复旦大学附属华山医院,皮肤科,专家团队,136,  主治医师,陈圣安,￥78,,10.0
27,中国人民解放军总医院301医院,骨科,,197,  主任医师,毛克亚,￥120,,9.3
28,复旦大学附属华山医院,皮肤科,专家团队,1976,  副主任医师,孙新芬,￥300,,9.1
29,中国人民解放军总医院301医院,普通外科,,730,  主治医师,吴安健,￥36,￥50,9.9
30,中国医科大学附属第一医院,消化内科,,257,  主任医师,李异玲,￥20,￥100,10.0
31,复旦大学附属华山医院,皮肤科,,266,  主任医师,傅雯雯,￥800,,9.5
32,复旦大学附属中山医院,呼吸内科高级专家门诊,,690,  主任医师,邵长周,￥100,￥400,9.4
33,华中科技大学同济医学院附属同济医院,胆胰外科,专家团队,1093,  副主任医师,姜立,￥29,￥200,10.0
34,沈阳市红十字会医院,眼科,,8002,  主任医师,刘东宝,￥35,￥50,9.8
35,中国人民解放军总医院301医院,皮肤科,,1191,  主治医师,卫宣瑾,￥29,￥129,10.0
36,复旦大学附属华山医院,皮肤科,,82,  主治医师,周隽,￥60,,10.0
37,中国人民解放军总医院301医院,血液病科,专家团队,451,  副主任医师,郭搏,￥150,￥300,9.9
38,宁夏医科大学总医院,皮肤科,专家团队,1193,  主任医师,夏莉,￥50,￥200,10.0
39,北京协和医院,特需妇科门诊,专家团队,920,  主治医师,熊巍,￥199,￥269,9.9
40,四川大学华西医院,乳腺外科,,803,  主治医师,谭秋雯,￥59,,9.9
41,湖南中医药大学第一附属医院,骨伤科,,3607,  主任医师,杨少锋,￥30,￥120,10.0
42,扬州市中医院,名医馆,,8605,  主任中医师,高鹏,￥100,￥120,9.8
43,淮北市人民医院,皮肤性病科,,5255,  主任医师,李玲芳,￥60,￥120,10.0
44,中国人民解放军总医院301医院,骨科,专家团队,1280,  主治医师,王天昊,,￥150,9.8
45,北京协和医院,特需肾内科门诊,,166,  主任医师,李航,￥369,,10.0
46,华中科技大学同济医学院附属协和医院,核医学,专家团队,23,  主任医师,张永学,￥100,,9.9
47,北京协和医院西院,整形外科,,66,  主任医师,黄渭清,￥60,,9.9
48,四川大学华西医院,耳鼻喉科,,490,  主治医师,杜进涛,￥88,￥80,10.0
49,上海交通大学医学院附属瑞金医院,门诊骨科,专家团队,27,  副主任医师,沈宇辉,￥100,￥200,9.6
50,华中科技大学同济医学院附属同济医院,小儿普外,,157,  主任医师,易斌,￥60,￥120,9.8
51,上海交通大学附属胸科医院,胸外科,专家团队,58,  副主任医师,耿峻峰,￥600,￥1000,9.6
52,空军军医大学西京医院,小儿科,专家团队,98,  副主任医师,曹玉红,￥100,￥150,10.0
53,中国人民解放军总医院301医院,神经外科,专家团队,417,  副主任医师,高海浩,￥80,￥100,10.0
54,平顶山市第一人民医院,胸外科,,799,  主任医师,马福刚,￥35,￥50,10.0
55,苏州市立医院,耳鼻咽喉科,,9623,  副主任医师,邓邦鱼,￥68,￥120,9.9
56,河北医科大学第三医院,内分泌2科,专家团队,81,  主任医师,支忠继,￥50,,9.9
57,中国人民解放军总医院301医院,消化内科,,563,  主治医师,李隆松,￥30,￥100,9.9
58,新乡医学院第一附属医院,口腔内科,,888,  主任医师,孙林琳,￥120,￥120,10.0
59,济南市中心医院,泌尿外科,专家团队,522,  副主任医师,王司军,￥60,￥60,10.0
60,浙江省立同德医院,皮肤科,,2269,  主治医师,林日初,￥30,￥60,10.0
61,广西壮族自治区人民医院,体检中心,,3403,  主任医师,李妮,￥60,￥100,10.0
62,淮北市人民医院,心内科,,5638,  主任医师,王晓琴,￥60,￥200,9.9
63,北京协和医院西院,基本外科,,184,  主任医师,张双民,￥120,￥200,9.7
64,北京协和医院,妇科门诊,专家团队,1174,  主治医师,邱琳,￥199,￥269,10.0
65,复旦大学附属华山医院,皮肤科,专家团队,46,  副主任医师,马英,￥100,,9.5
66,上海市东方医院总院,胆石病(外),专家团队,198,  主任医师,杨玉龙,￥10,￥100,10.0
67,空军军医大学西京医院,整形外科,,180,  主治医师,唐银科,￥10,,9.8
68,济宁市第一人民医院,皮肤科,,8142,  副主任医师,严红霞,￥40,￥60,9.9
69,武警辽宁总队医院,耳鼻喉科,,2181,  副主任医师,丁国臣,￥30,￥30,10.0
70,山东省立第三医院,神经内科,专家团队,5560,  主治医师,王晶,￥20,￥30,10.0
71,江苏省苏北人民医院,皮肤科门诊,,1032,  主任医师,冯永山,￥36,￥300,9.9
72,沈阳市红十字会医院,儿科,,8837,  副主任医师,李艳梅,￥30,￥30,9.7
73,沈阳市红十字会医院,妇产科,,2999,  主任医师,李青,￥20,￥30,9.9
74,中国人民解放军第88医院,内分泌科,,14143,  副主任医师,任冬梅,￥40,,9.9
75,中国人民解放军总医院301医院,心血管内科,,1226,  主任医师,刘宏伟,￥100,￥180,9.9
76,中国人民解放军总医院301医院,风湿科,,308,  主任医师,王炎焱,￥150,￥260,9.6
77,中国人民解放军总医院301医院,内分泌科,,588,  主任医师,巴建明,￥180,￥180,9.7
78,复旦大学附属华山医院,皮肤科,专家团队,84,  主任医师,陈连军,￥300,￥400,8.9
79,上海交通大学医学院附属第九人民医院,肿瘤科,,616,  主任医师,姜斌,￥150,￥200,10.0
80,中国人民解放军总医院301医院,耳鼻咽喉头颈外科,,524,  副主任医师,刘穹,￥100,￥100,9.7
81,湖南中医药大学第一附属医院,男性病外科杂病科,,12518,  副主任医师,袁轶峰,￥40,￥60,10.0
82,复旦大学附属中山医院,肝肿瘤外科,,166,  副主任医师,宋康,￥180,,10.0
83,中国人民解放军总医院301医院,心血管内科,,911,  副主任医师,张秀锦,￥88,￥150,9.9
84,复旦大学附属华山医院,神经外科,,64,  副主任医师,马德选,￥100,￥120,9.4
85,江苏省人民医院,老年神经内科门诊,专家团队,1308,  副主任医师,钱云,￥100,￥300,10.0
86,空军军医大学西京医院,整形外科,专家团队,8,  主治医师,董立维,￥50,￥100,10.0
87,山东省立第三医院,内分泌科,专家团队,6042,  主治医师,张丽,￥20,￥20,10.0
88,四川大学华西医院,心脏内科,,26,  副主任医师,贾卫国,￥228,,10.0
89,空军军医大学西京医院,小儿科,专家团队,15,  副主任医师,成胜权,￥60,,10.0
90,天津市第三中心医院,内分泌科,,364,  副主任医师,赵树新,￥30,￥60,10.0
91,上海市第六人民医院,骨科,,153,  主治医师,姜晨轶,￥15,￥100,10.0
92,武警后勤学院附属医院,消化内科,,416,  主任医师,赵伟,￥50,,10.0
93,南方医科大学南方医院,内科,,702,  副主任医师,刘凤芹,,￥70,10.0
94,铁煤集团总医院,皮肤科,,5798,  主治医师,杨开颜,￥18,,10.0
95,宜昌市第一人民医院,肾内科,,367,  主任医师,李六生,￥30,,9.9
96,天门市中医医院,中医科,,5303,  主治医师,郭志杰,￥30,￥200,9.8
97,中国人民解放军第88医院,内分泌科,,617,  副主任医师,李平,￥30,,10.0
98,中国人民解放军总医院301医院,心血管内科,,775,  主任医师,盖鲁粤,￥100,￥200,9.7
99,复旦大学附属华山医院,皮肤科,,51,  主任医师,徐金华,￥600,,8.1
100,复旦大学附属华山医院,皮肤科,专家团队,1177,  副主任医师,方丽华,￥200,,9.0
101,复旦大学附属华山医院,神经外科,专家团队,352,  副主任医师,姚成军,￥100,,9.9
102,复旦大学附属华山医院,皮肤科,专家团队,839,  副主任医师,黄岚,￥200,,9.1
103,复旦大学附属华山医院,皮肤科,专家团队,978,  医师,张瑜芬,￥300,￥99,9.9
104,复旦大学附属华山医院,泌尿科,,272,  副主任医师,侯剑刚,￥80,,9.6
105,空军军医大学西京医院,消化内科,,684,  主治医师,于卫华,￥70,,9.7
106,北京协和医院,特需消化内科门诊,,138,  副主任医师,舒慧君,￥400,￥400,10.0
107,天津市中心妇产科医院,妇科,,4143,  副主任医师,齐丽,￥20,￥100,9.9
108,北京协和医院,骨科门诊,,192,  主治医师,于鹏,￥169,￥399,10.0
109,中国人民解放军第456医院,儿科,,4190,  主治医师,王晓琳,￥30,,9.9
110,河北医科大学第三医院,肛肠外科,专家团队,214,  主任医师,张燕,￥50,￥60,9.9
111,陆军总医院附属八一儿童医院,儿科,,414,  主任医师,花少栋,￥50,￥100,10.0
112,北京协和医院,免疫内科门诊(西院),,100,  主任医师,侯勇,￥500,￥500,9.9
113,空军军医大学第二附属医院唐都医院,骨科,专家团队,2709,  主治医师,赵海恩,￥100,￥108,9.9
114,甘肃省中医院,肛肠科,专家团队,1970,  副主任医师,贺彩东,￥61,￥300,9.8
115,中国人民解放军第88医院,内分泌科,,4448,  副主任医师,李颖,￥68,￥68,9.7
116,甘肃省第二人民医院,内科,,1109,  副主任医师,程珏,￥30,,9.8
117,哈尔滨医科大学附属第四医院,眼科,,8473,  主治医师,孙守彬,￥30,￥30,9.9
118,济南明水眼科医院,皮肤美容科,,3247,  主治医师,杜迎,￥39,￥50,9.9
119,鄂州市中心医院,皮肤科,,8701,  主治医师,苏江维,￥30,￥80,9.9
120,中国人民解放军第187中心医院,消化内分泌科,,4192,  主治医师,乐湘华,￥28,￥50,9.9
121,浙江省立同德医院,呼吸科,,557,  副主任医师,严绍南,￥28,,10.0
122,中国人民解放军第3医院,内科,,4644,  主治医师,张志恒,￥5,,9.9
123,泰安市妇幼保健院,儿科,,3886,  主治医师,王伟,￥35,￥70,9.9
124,济宁市中医院,内科,,2452,  主任医师,张月美,￥30,,9.7
125,牡丹江市中医院,儿科,,76,  副主任医师,韩笑冬,￥60,,10.0
126,中国人民解放军第88医院,内分泌科,,3452,  主治医师,王洪华,￥50,,9.9
127,赣南医学院第一附属医院,心内一科,,52,  副主任医师,李法权,￥60,￥120,9.9
128,复旦大学附属华山医院,皮肤科,专家团队,740,  主任医师,陈明华,￥280,,8.9
129,华中科技大学同济医学院附属同济医院,小儿泌尿科,专家团队,198,  副主任医师,周学锋,￥30,,9.9
130,华中科技大学同济医学院附属同济医院,肿瘤科,,344,  副主任医师,晁腾飞,￥49,￥200,10.0
131,中国人民解放军总医院301医院,内分泌科,,164,  主任医师,陆菊明,￥200,￥200,9.4
132,中国人民解放军总医院301医院,骨科,专家团队,503,  副主任医师,张智发,￥100,￥200,9.7
133,南京医科大学附属口腔医院,儿童牙科,,1554,  主任医师,张耀国,￥10,￥50,10.0
134,华中科技大学同济医学院附属同济医院,肿瘤科,,107,  主任医师,熊慧华,￥60,,9.9
135,复旦大学附属华山医院,血液科,,237,  主任医师,陈波斌,￥200,,9.7
136,四川大学华西医院,心脏内科,,124,  主任医师,黄鹤,￥60,,9.8
137,华中科技大学同济医学院附属同济医院,泌尿外科,,147,  副主任医师,饶可,￥20,￥50,9.8
138,扬州市妇幼保健院,计划生育专科门诊,,3453,  副主任医师,乐华,￥30,￥42,9.9
139,上海市第六人民医院,普外科,,122,  主任医师,郭明高,￥60,￥100,9.8
140,华中科技大学同济医学院附属协和医院,核医学,专家团队,156,  主任医师,曹卫,￥50,￥50,9.9
141,江西省人民医院,耳鼻喉科,,2959,  主治医师,肖武,￥29,￥60,10.0
142,扬州市妇幼保健院,妇科门诊,,1968,  副主任医师,张新,￥30,￥50,9.9
143,浙江省中医院,高血压,,2165,  主治医师,许海宾,￥30,,9.8
144,浙江大学医学院附属第一医院,消化内科,,1455,  副主任医师,周宁,￥80,￥200,9.9
145,中国人民解放军第323医院,泌尿外科,,1296,  住院医师,王超,￥69,￥169,9.9
146,西北妇女儿童医院,儿外科,专家团队,226,  主治医师,蔺卫龙,￥30,￥30,10.0
147,牡丹江市中医院,泌尿外科,,4932,  主治医师,王永春,￥30,￥60,9.9
148,肥城中医院,内科,,325,  主治医师,赵乐乐,￥15,,10.0
149,山东省立第三医院,消化内科,,5678,  住院医师,程琤,￥5,￥10,9.9
150,赣南医学院第一附属医院,心内一科,,29,  副主任医师,刘心强,￥30,,9.8
151,淮北市人民医院,耳鼻咽喉科,,4316,  副主任医师,朱桂英,￥60,￥120,9.7
152,莱芜市中医医院,中医科,,17,  主治医师,张应鹏,￥30,,10.0
153,中国人民解放军总医院301医院,小儿内科,,327,  主任医师,杨光,￥120,,9.8
154,中国人民解放军总医院301医院,肾脏病科,专家团队,52,  主任医师,吴镝,￥300,￥600,10.0
155,北京协和医院西院,口腔科,专家团队,291,  副主任医师,袁丁未,￥80,￥200,9.8
156,中国人民解放军总医院301医院,内分泌科,,410,  副主任医师,杜锦,￥150,,9.9
157,中国人民解放军总医院301医院,皮肤科,专家团队,351,  副主任医师,樊建峰,￥102,￥102,9.3
158,青岛大学附属医院市南院区,甲状腺外科门诊,专家团队,264,  主任医师,张克君,￥68,￥200,9.8
159,中国人民解放军总医院301医院,消化内科,专家团队,413,  副主任医师,陈思文,￥100,,9.8
160,北京协和医院,特需神经外科门诊,,187,  副主任医师,连伟,￥60,,9.8
161,上海交通大学医学院附属第九人民医院,口腔颅颌面科,,4977,  副主任医师,代杰文,￥35,￥99,9.9
162,中国人民解放军总医院301医院,肿瘤综合治疗门诊,,55,  主任医师,黄建华,￥100,,9.2
163,中国人民解放军总医院301医院,骨科,专家团队,862,  住院医师,朱正国,￥15,￥50,9.7
164,浙江大学医学院附属妇产科医院,妇科高年专家,,2567,  副主任医师,钱志大,￥30,￥60,10.0
165,复旦大学附属华山医院,运动创伤科,专家团队,371,  副主任医师,高凯,￥100,,9.3
166,四川大学华西医院,神经内科,,41,  副主任医师,杨天华,￥100,￥100,9.5
167,复旦大学附属妇产科医院杨浦院区,西医妇科副高专家门诊,,965,  副主任医师,李桂英,￥179,￥248,9.2
168,复旦大学附属中山医院,放射诊断科高级专家门诊,,18,  主任医师,张志勇,￥300,,9.5
169,广西壮族自治区人民医院,男科.泌尿外科,,740,  主任医师,李继清,￥30,￥30,10.0
170,复旦大学附属华东医院,消化内科,,1147,  主任医师,王一倩,￥70,,9.9
171,江苏省人民医院,心血管内科门诊,专家团队,194,  主任医师,钱卫冲,￥50,,9.8
172,北京宣武医院,儿科,,593,  主治医师,申文雯,￥50,,9.9
173,南京市儿童医院,心胸外科门诊（广州路）,,256,  副主任医师,武开宏,￥60,￥120,9.9
174,中国人民解放军总医院301医院,肿瘤综合治疗门诊,,15,  副主任医师,张亚晶,￥50,￥50,10.0
175,北京市朝阳区妇儿医院,儿科门诊,,2051,  主任医师,邢高翔,￥20,￥299,9.9
176,潍坊市妇幼保健院,产科,,209,  主任医师,修霞,￥100,￥200,9.9
177,南昌大学第二附属医院,耳鼻咽喉头颈外科,专家团队,1752,  主治医师,张皓,￥10,￥35,10.0
178,山东省立医院,职业病科,专家团队,23,  副主任医师,李红军,￥40,￥60,10.0
179,泰安市中心医院,心血管内三科,专家团队,597,  副主任医师,徐忠,￥88,￥200,9.9
180,中国人民解放军总医院301医院,整形修复科,,6,  主治医师,靳睿,￥30,,10.0
181,珠海市人民医院,肿瘤内科,,703,  主治医师,郑礼平,￥80,￥100,10.0
182,武警新疆总队医院,神经外科,,4757,  副主任医师,何碧,￥39,￥79,9.8
183,重庆市人民医院,神经内科,,562,  副主任医师,郑永玲,￥50,￥60,10.0
184,浙江大学医学院附属第一医院,心胸外科,,23,  副主任医师,赵海格,￥150,￥120,10.0
185,酒泉市人民医院,皮肤科,,2309,  副主任医师,李昌吉,￥40,,9.9
186,忻州市中医医院,肿瘤科,,1688,  主治医师,刘纪涛,￥39,￥50,10.0
187,牡丹江肿瘤医院,泌尿科,,3861,  副主任医师,张文栋,￥30,￥60,9.7
188,南通市中医院,泌尿外科,,2800,  副主任医师,丛纲,￥50,,9.9
189,华中科技大学同济医学院附属同济医院,神经外科,,28,  副主任医师,王宝峰,￥40,￥100,9.9
190,中国人民解放军总医院301医院,普通外科,专家团队,13,  主治医师,王宇,￥100,,10.0
191,佳木斯大学附属第二医院,骨外科,,205,  副主任医师,杨广禄,￥20,￥38,10.0
192,陆军军医大学第一附属医院（西南医院）,皮肤科,,142,  主治医师,王子洋,￥99,,9.9
193,十堰市太和医院,心血管内科,,250,  主任医师,何朝荣,￥30,,10.0
194,宁波大学医学院附属医院,眼科,,354,  副主任医师,喻继兵,￥30,,9.9
195,河南大学淮河医院,口腔科,,3224,  主治医师,李振杰,￥12,,9.9
196,南通市第三人民医院,呼吸科,,3356,  主任医师,姜水菊,￥100,￥50,9.9
197,蚌埠医学院第二附属医院,皮肤科,,722,  副主任医师,倪萍,￥58,,9.9
198,中国人民解放军第150医院,内科,,3794,  主治医师,张怀轩,￥10,￥100,9.7
199,北京医院,心脏内科,,10,  副主任医师,李靖,￥60,,9.3
200,广州市妇女儿童医疗中心儿童医院院区,儿科,,2353,  主治医师,洪燕,￥80,￥200,10.0
201,河南大学第一附属医院,内科,,2842,  住院医师,冯可,￥30,￥40,9.9
202,石嘴山市第二人民医院,内科,,9616,  副主任医师,冯立刚,￥10,￥20,9.8
203,中国人民解放军总医院301医院,男科,专家团队,687,  主任医师,何学酉,￥200,￥200,9.6
204,复旦大学附属华山医院,胰腺外科,专家团队,1326,  主任医师,傅德良,￥200,,9.9
205,复旦大学附属眼耳鼻喉科医院,眼科,,95,  主任医师,龚岚,￥300,,9.4
206,复旦大学附属中山医院,胸外科,,213,  副主任医师,时雨,￥300,,10.0
207,上海交通大学医学院附属瑞金医院,心外科,,204,  副主任医师,周密,￥80,￥150,9.9
208,复旦大学附属华山医院,皮肤科,,50,  副主任医师,张超英,￥200,,8.8
209,华中科技大学同济医学院附属协和医院,皮肤科,专家团队,662,  主任医师,林能兴,￥100,,9.8
210,上海中医药大学附属曙光医院东院,中医内科,,557,  主任医师,程勇,￥108,,9.8
211,中国人民解放军总医院301医院,神经内科,专家团队,164,  主任医师,刘若卓,￥129,￥300,9.9
212,江苏省中西医结合医院,消化科,,494,  主任医师,夏军权,￥100,￥200,9.9
213,上海长海医院,耳鼻咽喉科,,431,  副主任医师,张才云,￥70,￥150,9.9
214,复旦大学附属华山医院,胰腺外科,专家团队,71,  主任医师,李骥,￥200,￥500,9.7
215,复旦大学附属华山医院,神经外科,,54,  主任医师,于佶,￥70,￥100,9.0
216,四川大学华西医院,甲状腺外科,,235,  副主任医师,刘枫,￥80,￥400,9.9
217,上海交通大学医学院附属仁济医院东院,胆胰外科,专家团队,182,  主任医师,李可为,￥60,￥200,9.7
218,江苏省苏北人民医院,眼科门诊,,315,  主任医师,王虹,￥35,￥100,9.8
219,上海中医药大学附属龙华医院,普外科,专家团队,158,  主任医师,李炯,￥50,,9.8
220,山东大学齐鲁医院,口腔内科,专家团队,6,  主任医师,王卫之,￥50,,10.0
221,江苏省人民医院,老年消化内科门诊,专家团队,157,  主任医师,邵耘,￥35,￥200,9.9
222,四川大学华西医院,泌尿外科,,214,  住院医师,杨博,￥50,,9.7
223,浙江大学医学院附属儿童医院,遗传代谢科,,388,  主任医师,童凡,￥60,￥120,10.0
224,华中科技大学同济医学院附属协和医院,核医学,专家团队,43,  主任医师,兰晓莉,￥50,,9.6
225,上海市第十人民医院,儿科门诊,,1208,  主治医师,陈丹,￥33,,10.0
226,上海市长征医院,骨科,,244,  主治医师,吴锦辉,￥10,￥50,10.0
227,陆军军医大学第一附属医院（西南医院）,老年科,,8,  副主任医师,郜攀,￥50,￥80,9.7
228,上海交通大学附属第一人民医院松江南院,妇科(专家),,567,  副主任医师,蔡斌,￥50,￥200,9.9
229,浙江中医药大学附属温州中西医结合医院,呼吸内科,,327,  主任医师,金晨慈,￥30,￥50,9.9
230,武警后勤学院附属医院,消化内科,专家团队,303,  副主任医师,陈金梅,￥30,,10.0
231,上海市长征医院,普外一科（肛肠外科及公共学科）,,120,  副主任医师,王治国,￥58,￥118,10.0
232,中山大学孙逸仙纪念医院,心血管内科,,33,  副主任医师,郑韶欣,￥40,￥100,10.0
233,天津市第二人民医院,肝病专家门诊,,108,  主任医师,赵桂鸣,￥20,,9.8
234,高州市人民医院,男科,,3153,  主治医师,陈先国,￥18,￥30,10.0
235,中国人民解放军济南军区总医院,神经外科,,422,  主治医师,仇冠中,￥30,￥50,10.0
236,包头市第四医院,皮肤性病科,,3444,  副主任医师,杨少平,￥20,￥20,9.6
237,章丘市中医医院,呼吸内科,,568,  主治医师,任运江,￥29,￥300,9.9
238,武警后勤学院附属医院,消化内科,专家团队,276,  主治医师,张兴光,￥30,￥30,10.0
239,泰安市妇幼保健院,妇产科,,1332,  副主任医师,孔令民,￥20,￥50,9.7
240,广西壮族自治区人民医院,内分泌科,,2763,  主治医师,杨冬莲,￥50,￥200,9.7
241,新疆维吾尔自治区人民医院,肾病科,专家团队,73,  主任医师,岳华,￥30,,10.0
242,开封市中心医院,内科,,365,  主治医师,李方晓,￥10,,9.8
243,吉林大学第二医院,心血管内科,专家团队,710,  主任医师,刁鸿英,￥30,,10.0
244,淮北矿工总医院袁庄分院,妇产科,,5155,  主治医师,宋雪芬,￥20,￥200,9.8
245,中国人民解放军第187中心医院,感染内科,,1689,  主治医师,农华,￥15,,9.8
246,西安市第五医院,内科,,161,  主治医师,程国华,￥30,,9.9
247,泰安市中医院,儿科,专家团队,3266,  主治医师,赵凤娟,￥15,￥50,9.9
248,浙江大学医学院附属邵逸夫医院,普内科,,58,  住院医师,周昌文,￥20,,10.0
249,宜昌市中心人民医院,内科,,80,  主治医师,冯罡,￥30,￥50,9.9
250,河南大学淮河医院,普内科,,1810,  住院医师,王超,￥15,￥30,9.8
251,北京协和医院,特需妇科内分泌门诊,专家团队,111,  主任医师,田秦杰,￥400,￥1200,9.7
252,中国人民解放军总医院301医院,骨科,专家团队,320,  副主任医师,张立海,￥100,￥200,9.3
253,复旦大学附属华山医院,神经外科,,746,  主任医师,徐斌,￥300,,9.5
254,中国人民解放军总医院301医院,内分泌科,,1984,  副主任医师,邵迎红,,￥299,9.8
255,上海交通大学医学院附属瑞金医院,门诊烧伤整形,,368,  副主任医师,黄伯高,￥100,￥150,9.7
256,中国人民解放军总医院301医院,内分泌科,,129,  副主任医师,杨国庆,￥60,￥200,9.2
257,复旦大学附属中山医院,骨科,,143,  主任医师,郭常安,￥100,￥300,9.7
258,复旦大学附属中山医院,肝肿瘤外科,,603,  主任医师,施国明,￥60,,9.9
259,复旦大学附属华山医院,手外科,,238,  主任医师,虞聪,￥80,￥100,9.5
260,上海交通大学医学院附属仁济医院西院,男性科,,215,  主任医师,戴继灿,￥300,￥300,9.1
261,医科院肿瘤医院,内镜科,,67,  主任医师,姚方,￥400,￥800,9.7
262,中国人民解放军总医院301医院,消化内科,专家团队,959,  副主任医师,张茹,￥150,￥180,9.7
263,常州市第一人民医院,呼吸内科,,295,  主任医师,王智刚,￥60,￥150,10.0
264,复旦大学附属华山医院,皮肤科,,608,  医师,尹慧彬,￥50,,9.9
265,上海交通大学医学院附属瑞金医院,门诊高血压,,170,  副主任医师,蔡凯愉,￥90,,9.8
266,河北医科大学第一医院,精神卫生科,专家团队,80,  主任医师,王学义,￥300,,10.0
267,复旦大学附属华山医院,感染发热,专家团队,216,  主任医师,蒋卫民,￥120,,9.5
268,江苏省人民医院,肿瘤科门诊,专家团队,907,  副主任医师,王榕生,￥100,,9.9
269,上海交通大学附属第一人民医院,普外肝胆胰外科(专家),专家团队,134,  副主任医师,樊军卫,￥100,,9.9
270,中国人民解放军总医院301医院,消化内科,,23,  主任医师,蔡昌豪,￥200,￥200,9.4
271,河北省胸科医院,呼吸内科,,362,  主任医师,王秋梅,￥50,￥80,9.9
272,浙江大学医学院附属第二医院,滨江综合牙科,,955,  主治医师,史伟萍,￥15,￥60,9.9
273,四川大学华西医院,肿瘤内科,,41,  主治医师,胡前程,￥30,,9.9
274,浙江省立同德医院,神经外科名医门诊,专家团队,11,  主任医师,金心,￥30,￥100,10.0
275,合肥市第一人民医院,甲状腺乳腺外科,,186,  副主任医师,张植木,￥40,￥60,9.9
276,新乡市中心医院,眼科,,110,  副主任医师,冯雨,￥20,￥25,10.0
277,上海交通大学医学院附属瑞金医院,泌尿外科门诊,专家团队,180,  主治医师,何竑超,￥50,￥180,10.0
278,复旦大学附属华山医院,皮肤科,,75,  主治医师,应佳昳,￥35,,10.0
279,南通市中医院,肿瘤内科,,1040,  副主任中医师,陶玉华,￥50,￥200,9.8
280,济南市第四人民医院,消化内科,,3369,  住院医师,杨宝亮,￥8,,9.9
281,南方医科大学深圳医院,内分泌与代谢门诊,,540,  主任医师,方玲,￥50,,10.0
282,中山大学附属肿瘤医院,肿瘤外科,,1003,  副主任医师,崔双林,￥80,￥80,9.9
283,河北医科大学第四医院,神经内科,,225,  主任医师,梅风君,￥50,￥80,9.9
284,广西壮族自治区人民医院,小儿科,专家团队,214,  副主任医师,谭颖,￥30,,9.8
285,成都中医药大学附属医院,男科,,4307,  副主任医师,周仕轶,￥30,,9.9
286,青岛市中心医疗集团,心功能检查室,,63,  主任医师,齐洪涛,￥50,￥80,9.8
287,滨州市人民医院,肝胆外科,,169,  副主任医师,吴俊本,￥60,￥120,9.9
288,中国人民解放军第148中心医院,泌尿外科,,525,  主治医师,吴志强,￥36,￥36,10.0
289,浙江省口腔医院,城西分院特诊科,专家团队,32,  主任医师,樊立洁,￥50,￥200,10.0
290,上海交通大学附属第一人民医院,骨科(专家),,7,  副主任医师,付强,￥45,￥90,10.0
291,南通市中医院,皮肤科,,6552,  主治医师,章海涛,￥39,,9.8
292,中国人民解放军火箭军总医院,消化内科,专家团队,743,  主治医师,张玉,￥88,￥180,9.9
293,泰安市中心医院分院,普外科,,96,  副主任医师,张庆,￥10,￥69,10.0
294,成都市天府新区人民医院,泌尿外科,,165,  副主任医师,樊清和,￥11,￥50,9.9
295,上海市长征医院,肾内科,,164,  主治医师,薛昊,￥30,￥30,9.9
296,松滋市第三人民医院,内科,,8364,  主治医师,龚炜,￥15,￥20,9.8
297,中国医科大学附属盛京医院,小儿外科,专家团队,250,  副主任医师,侯翔宇,￥30,￥200,9.8
298,山东省立医院,神经内科,专家团队,10,  主任医师,王敏忠,￥50,,10.0
299,哈尔滨医科大学附属第一医院群力院区,呼吸内科,,370,  主任医师,张薇,￥80,￥200,9.9
300,广西壮族自治区人民医院,肿瘤科,,5,  主任医师,蒿艳蓉,￥200,,10.0
301,日照市中医院,内科,,171,  主治医师,董增胜,￥15,￥30,9.9
302,上甘岭林业局职工医院,内科,,11446,  副主任医师,赵永红,￥20,,9.9
303,中国人民解放军第187中心医院,消化内科,,18,  副主任医师,李荣萍,￥20,,9.6
304,牡丹江市妇幼保健院,妇科,,1738,  副主任医师,仉瑞,￥60,,9.9
305,桦南县人民医院,五官科,,4457,  副主任医师,李明彦,￥30,￥40,9.8
306,中国医科大学附属第一医院,产科,,34,  主治医师,杨秀华,￥50,￥60,10.0
307,始兴县人民医院,儿科,,167,  副主任医师,段景辉,￥50,,10.0
308,开封市中心医院,儿科,,341,  主治医师,曹大好,￥60,,10.0
309,枣庄矿业集团滕南医院柴里分院,内科,,11455,  副主任医师,颜承尧,￥20,￥20,10.0
310,山东省莘县人民医院,普内科,,4779,  主治医师,张文静,￥50,,10.0
311,复旦大学附属华山医院,神经外科,专家团队,824,  主任医师,张义,￥200,￥160,9.6
312,中国人民解放军总医院301医院,骨科,专家团队,181,  副主任医师,李春宝,￥200,￥300,9.5
313,上海交通大学医学院附属第九人民医院,骨科,专家团队,904,  主任医师,赵杰,￥100,,9.8
314,中国人民解放军总医院301医院,皮肤科,专家团队,107,  主任医师,刘军连,￥60,￥200,9.9
315,中国人民解放军总医院301医院,血管外科,,83,  主任医师,梁发启,￥100,￥300,9.4
316,上海市第六人民医院,普外科,专家团队,280,  副主任医师,杨治力,,￥200,9.9
317,上海交通大学医学院附属仁济医院东院,风湿病科,,664,  主任医师,胡大伟,￥350,,9.6
318,复旦大学附属华山医院,胸外科,,144,  副主任医师,王邵华,￥100,￥200,9.7
319,苏州大学附属儿童医院,骨科专科(园),专家团队,141,  副主任医师,戴进,￥50,￥100,10.0
320,上海交通大学医学院附属新华医院,普外科,专家团队,13,  主任医师,朱健,￥50,￥50,9.4
321,复旦大学附属儿科医院,中西医结合科,,56,  主任医师,蔡德培,￥500,,9.3
322,青岛大学附属医院市南院区,妇科门诊,专家团队,17,  主任医师,戴红英,￥200,,9.2
323,北京协和医院,胸外科,,23,  副主任医师,曹智理,￥60,,10.0
324,北京协和医院,特需泌尿外科门诊,,90,  副主任医师,黄钟明,￥120,,9.8
325,青岛大学附属医院市南院区,乳腺外科门诊,,8,  主任医师,李福年,￥100,￥200,8.9
326,湖南省人民医院,儿科,专家团队,317,  主任医师,张先华,￥50,￥100,10.0
327,南京市妇幼保健院,遗传优生专家,,344,  主任医师,易广才,￥50,￥80,9.9
328,华中科技大学同济医学院附属协和医院,肾内科,,195,  主任医师,杨晓,￥80,,9.8
329,常州市中医医院,骨伤科,,65,  主任医师,赵洪,￥60,￥100,9.7
330,北京协和医院,特需骨科门诊,,52,  主任医师,赵宏,￥100,￥300,10.0
331,中国人民解放军总医院301医院,泌尿外科,,389,  主治医师,黄双,￥50,￥200,9.7
332,中国人民解放军第307医院,呼吸内科,,319,  副主任医师,苑鑫,￥50,￥60,10.0
333,北京协和医院,特需呼吸内科门诊,,126,  副主任医师,孙雪峰,￥150,￥1450,9.9
334,上海交通大学医学院附属新华医院,内分泌科,,925,  主治医师,林宁,￥50,￥120,9.9
335,江西省妇幼保健院,妇科,,2006,  主治医师,王璐,￥10,￥39,10.0
336,复旦大学附属华山医院,神经内科,,184,  主任医师,李乃忠,￥200,,8.8
337,常州市妇幼保健院,门诊产科,,1862,  主治医师,杨丽洁,￥19,,9.9
338,苏州大学附属第一医院,泌尿外科门诊,,87,  副主任医师,丁翔,￥60,￥200,9.7
339,广西医科大学第一附属医院,妇科,,1393,  主治医师,林汇斯,￥30,,9.9
340,浙江大学医学院附属第二医院,滨江妇科门诊,专家团队,438,  主任医师,麻亚茜,￥100,￥200,10.0
341,中国人民解放军总医院301医院,骨科,专家团队,206,  主治医师,刘浩,￥15,￥30,9.7
342,山东大学齐鲁医院,口腔颌面外科,专家团队,103,  副主任医师,董作青,￥40,,9.9
343,中国医科大学附属第一医院,内分泌科,专家团队,36,  主任医师,王晓黎,￥50,,9.9
344,广东省人民医院,风湿科,,491,  主治医师,张光峰,￥29,,9.9
345,中国人民解放军第163医院,皮肤科,,220,  主任医师,刘启亮,￥50,￥128,9.9
346,汉中市中心医院,皮肤科,,32,  主任医师,刘汉平,￥50,￥300,9.7
347,上海市公共卫生临床中心市区分部,肝病科,,266,  副主任医师,朱翠云,￥50,￥160,9.9
348,华中科技大学同济医学院附属协和医院,眼科,专家团队,131,  副主任医师,陈雯,￥50,,9.9
349,同济大学附属同济医院,特诊妇科,专家团队,430,  主任医师,李怀芳,￥50,,9.7
350,浙江大学医学院附属第一医院,骨科,,46,  副主任医师,文治强,￥80,￥200,10.0
351,甘肃中医药大学附属医院,皮肤科,专家团队,5022,  主治医师,裴文涛,￥10,￥100,9.8
352,新疆医科大学第五附属医院,内分泌科,,1117,  副主任医师,高静,￥30,￥60,9.8
353,河北医科大学第三医院,耳鼻喉科,专家团队,9,  主任医师,栾峰,￥50,,10.0
354,广西医科大学第一附属医院,眼科,,1089,  主治医师,杨勇,￥20,￥40,9.9
355,珠海市人民医院,肝病科门诊,,447,  主治医师,李林芳,￥30,￥30,10.0
356,浙江大学医学院附属第一医院,内分泌内科,,8,  主任医师,沈建国,￥100,,10.0
357,中航工业3201医院,妇科,,1415,  主治医师,伍天慧,￥10,￥38,10.0
358,镇江市中医院,皮肤科-门诊,,499,  副主任医师,许光仓,￥30,￥120,9.9
359,泰安市妇幼保健院,儿科,,3602,  主治医师,万海峡,￥10,￥20,9.8
360,河北医科大学第三医院,西院骨科,,6,  主任医师,邸军,￥50,￥200,10.0
361,临沂市人民医院,内分泌科,,4284,  主治医师,公倩,￥10,￥60,9.8
362,北京市宣武中医医院,外科,专家团队,4077,  主治医师,刘柳洪,￥30,￥30,9.8
363,潍坊市中医院,妇科,,2397,  住院医师,张庆军,￥5,￥20,9.9
364,日照市中医院,中医科,,449,  主治医师,卢洪军,￥59,￥100,9.9
365,北部战区总医院,儿科,专家团队,2484,  主治医师,廖世峨,￥30,￥50,9.9
366,佳木斯大学附属第二医院,骨外科,,110,  主治医师,李文鹏,￥15,￥20,9.9
367,广东省农垦中心医院,骨科,,6660,  住院医师,蔡继伟,￥5,￥30,9.7
368,日照市中医院,内科,,160,  主治医师,刘万里,￥30,,9.9
369,达州市达川区疾病预防控制中心附属医院,消化内科,,12951,  主治医师,吴世洪,￥200,￥50,9.9
370,铜陵市立医院,肾内科血透室,,267,  主治医师,李娜,￥30,,9.9
371,上海市长征医院,胸心二科（胸外科）,专家团队,139,  主治医师,丁新宇,￥30,,10.0
372,六安市人民医院,消化内科,,25,  主任医师,汤海涛,￥20,,10.0
373,广西壮族自治区人民医院,视光中心,,174,  主治医师,李丽丽,￥20,,10.0
374,成都市第二人民医院,耳鼻喉头颈科,,2284,  主治医师,李睿,￥20,,9.9
375,北京市朝阳区妇儿医院,内科门诊,,1063,  主治医师,梁艳萍,￥10,,10.0
376,阳江市中医院,肿瘤科,,817,  主治医师,黎国强,￥50,￥100,10.0
377,淮北矿工总医院袁庄分院,内科,,667,  主治医师,陆委,￥10,,9.9
378,广州市第一人民医院,普通内科,,72,  主治医师,陈墅圳,￥20,,9.4
379,东莞市太平人民医院,心血管内科,,415,  主治医师,王飞,￥30,,9.8
380,牡丹江市中医院,儿科,,2247,  副主任医师,李冬梅,￥40,￥40,9.5
381,河北医科大学第四医院,妇产科,,9,  主任医师,郝淑维,￥30,￥200,10.0
382,娄底市中心医院,泌尿外科,,5023,  住院医师,刘荣,￥5,￥20,9.8
383,宝应县人民医院,骨科,,4234,  副主任医师,鲁富春,￥20,,9.9
384,十堰市人民医院,心血管内科,,17,  主任医师,高桂琴,￥20,,10.0
385,西华县人民医院,口腔科,专家团队,8696,  医师,朱中阳,￥20,￥20,9.9
386,郸城县第二人民医院,内科,专家团队,5168,  主治医师,王锦涛,￥10,￥20,9.8
387,葫芦岛市连山区人民医院,儿科,,14308,  主治医师,陈雷,￥30,,9.9
388,泰安市妇幼保健院,内科,,7,  主治医师,张晔,￥10,,9.7
389,中国人民解放军总医院301医院,耳鼻咽喉头颈外科,专家团队,371,  主任医师,翟所强,￥200,￥360,9.2
390,复旦大学附属华山医院,外科,专家团队,2401,  主任医师,邹强,￥150,,9.6
391,复旦大学附属儿科医院,普外科,专家团队,1775,  主任医师,郑珊,￥200,,9.9
392,复旦大学附属中山医院,心外科,专家团队,309,  副主任医师,刘琛,￥100,￥200,9.9
393,上海交通大学医学院附属瑞金医院,门诊普外,专家团队,155,  主任医师,沈柏用,￥100,,9.6
394,复旦大学附属华山医院,外科,专家团队,534,  主任医师,陈进宏,￥100,,9.7
395,中国人民解放军总医院301医院,消化内科,专家团队,387,  副主任医师,阎丽,￥119,￥150,9.6
396,上海国际和平妇幼保健院,泌尿男科,,594,  主任医师,程怀瑾,￥100,￥100,9.7
397,南京鼓楼医院,男科,专家团队,1295,  副主任医师,陈海,￥60,￥200,9.8
398,浙江省肿瘤医院,妇科肿瘤,专家团队,214,  主任医师,张平,￥100,￥150,9.9
399,中国人民解放军总医院301医院,妇产科,专家团队,58,  主任医师,高志英,￥300,,9.1
400,复旦大学附属中山医院,血液科高级专家门诊,,604,  主任医师,邹善华,￥200,,9.9
401,淮安市第一人民医院,皮肤科,,677,  主任医师,孙卫国,￥35,￥80,9.9
402,中国人民解放军总医院301医院,心血管内科,,23,  副主任医师,尹明,￥40,￥68,10.0
403,上海国际和平妇幼保健院,新生儿科,专家团队,1663,  主任医师,施婴婴,￥100,,9.9
404,中国人民解放军总医院301医院,心血管内科,,9,  副主任医师,张然,￥60,￥120,9.6
405,华中科技大学同济医学院附属同济医院,血液内科,专家团队,87,  主任医师,黄梅,￥80,,9.5
406,上海中医药大学附属岳阳中西医结合医院,肛肠科,专家团队,341,  副主任医师,吴炯,￥38,￥200,9.9
407,浙江大学医学院附属第二医院,滨江神经内科门诊,专家团队,132,  主任医师,高峰,￥200,,9.9
408,复旦大学附属华山医院,神经外科,,10,  副主任医师,徐荣,￥100,,9.1
409,山东省立第三医院,消化内科,,213,  副主任医师,刘娓娓,￥15,￥20,9.9
410,浙江大学医学院附属第一医院,血液病科,,210,  副主任医师,徐伟来,￥40,￥120,9.9
411,上海长海医院,泌尿外科,,24,  副主任医师,叶华茂,￥200,￥200,9.1
412,中国人民解放军总医院301医院,消化内科,,203,  主治医师,陈菲凯,￥29,￥99,9.7
413,华中科技大学同济医学院附属协和医院,血液内科,,94,  主任医师,吴秋玲,￥40,￥100,9.7
414,北京大学第三医院,儿科门诊,专家团队,387,  副主任医师,鲍慧玲,￥350,￥350,10.0
415,中国人民解放军新疆军区总医院,骨科,专家团队,8,  主任医师,郭树章,￥30,￥80,10.0
416,复旦大学附属华山医院,胰腺外科,专家团队,172,  副主任医师,杨峰,￥10,,9.9
417,中南大学湘雅医院,整形美容外科,专家团队,81,  主治医师,刘晓瑾,￥30,,9.9
418,上海交通大学医学院附属仁济医院东院,整形外科,专家团队,466,  主治医师,皮庆猛,￥100,￥300,9.8
419,首都医科大学附属北京安贞医院,心外科,,78,  主治医师,李扬,￥100,￥150,9.8
420,浙江大学医学院附属第一医院,肾脏病,,145,  副主任医师,李群,￥60,￥120,10.0
421,复旦大学附属眼耳鼻喉科医院,眼科,专家团队,713,  主治医师,秦冰,￥90,￥200,9.9
422,山西煤炭中心医院,皮肤科,,6150,  主治医师,曹彦明,￥10,￥15,9.6
423,淮安市妇幼保健院,妇女心理卫生科,,84,  主任医师,徐进,￥30,￥60,9.9
424,华中科技大学同济医学院附属协和医院,泌尿外科,专家团队,25,  主任医师,赵军,￥20,,9.7
425,中南大学湘雅医院,普通外科,,29,  医师,刘序,￥40,￥100,10.0
426,肇庆市中医院,皮肤科,,9,  副主任医师,谭颖,￥35,￥50,10.0
427,河北省胸科医院,消化内科,,968,  主治医师,马静,￥40,￥50,9.9
428,海口市第三人民医院,五官科,,185,  主治医师,孟繁田,￥30,￥20,9.9
429,武汉科技大学附属天佑医院,神经外科,,125,  主治医师,郐国虎,￥50,￥60,10.0
430,泰安市中医院,皮肤科,,47,  主治医师,宁康健,￥15,￥50,9.9
431,武警后勤学院附属医院,消化内科,专家团队,230,  主治医师,张静,￥20,,10.0
432,河南理工大学第一附属医院,泌尿外科,,240,  主治医师,常永欣,￥10,￥20,10.0
433,锦州市中心医院,儿科,,79,  主任医师,王辉,￥30,￥50,10.0
434,珠海市人民医院,肾内门诊,,133,  主治医师,沈理,￥28,￥48,10.0
435,中建三局武汉中心医院,神经内科,,5619,  主任医师,胡青,￥50,￥50,9.9
436,武警后勤学院附属医院,心理门诊,,167,  主治医师,孙江男,￥50,￥60,9.9
437,山东省立医院,内分泌科,专家团队,8,  副主任医师,徐潮,￥30,￥200,10.0
438,山西煤炭中心医院,皮肤科,,3394,  副主任医师,宋日军,￥20,￥15,9.9
439,山东省立医院,循环内科,,7,  副主任医师,苏崇一,￥100,￥100,10.0
440,北京中医药大学深圳医院,泌尿外科门诊,,37,  主治医师,龚进成,￥30,￥50,10.0
441,云南省第一人民医院,消化内科,,45,  主任医师,秦海春,￥80,,9.6
442,武汉市第三医院光谷院区,妇产科,,94,  副主任医师,李静,￥60,￥120,10.0
443,鄂尔多斯市中心医院,内科,,11,  副主任医师,杭妍,￥30,,10.0
444,霍山县妇幼保健院,泌尿外科,,3259,  副主任医师,董峰,￥30,￥50,9.8
445,中国人民解放军第305医院,泌尿外科,,169,  副主任医师,张延,￥30,￥30,9.9
446,云南省第一人民医院,内分泌代谢科,,62,  主任医师,张云,￥100,,10.0
447,中国人民解放军第425医院,感染科,,2224,  副主任医师,倪传斌,￥30,￥100,9.9
448,山东大学齐鲁医院青岛院区,心血管内科,,8,  副主任医师,王颖翠,￥200,,10.0
449,复旦大学附属华山医院,整形外科,专家团队,66,  医师,陈凌枫,￥40,,10.0
450,烟台市莱州荣军医院,内科,,6387,  副主任医师,孙吉成,￥80,￥60,9.9
451,中国医科大学附属第一医院,康复科,专家团队,36,  主治医师,牟宏,￥60,,10.0
452,南昌市第一医院,心血管内科,专家团队,19,  副主任医师,涂颉洪,￥30,,9.4
453,株洲430医院,大内科,,5653,  主治医师,张海波,￥10,￥20,9.8
454,泰安市中医院,肝中心科,,22,  主治医师,刘媛媛,￥30,￥50,10.0
455,厦门市第二医院,神经内科,,30,  主任医师,彭瑞强,￥100,￥200,10.0
456,四川省第四人民医院,内科,,143,  主治医师,冯晓君,￥30,,10.0
457,枣庄矿业集团滕南医院,内科,,4349,  副主任医师,鲁侠,￥20,￥30,9.7
458,邯郸市第一医院,产科,,370,  主治医师,薛洁,￥25,,9.7
459,哈尔滨市中西医结合医院,内科,,600,  主任医师,徐秀荣,￥50,,10.0
460,新疆自治区中医院,高血压,,6,  主任医师,安乐君,￥50,,10.0
461,枣庄市薛城区人民医院,内科,,3890,  主治医师,周璇,￥20,￥20,9.9
462,大佛景区卫生服务中心,内科,,743,  主治医师,付鸿毅,￥10,,10.0
463,中国人民解放军总医院301医院,泌尿外科,专家团队,816,  主任医师,杨勇,￥100,,9.6
464,中国人民解放军总医院301医院,心血管内科,专家团队,180,  主任医师,王广义,￥150,￥1000,9.7
465,复旦大学附属华山医院,神经外科,,765,  副主任医师,徐伟,￥100,￥200,9.6
466,上海市第十人民医院,心血管内科门诊,专家团队,171,  主任医师,陈维杰,￥50,￥200,9.6
467,中日友好医院,中医风湿病科门诊,专家团队,272,  主任医师,陶庆文,￥100,￥99,10.0
468,华中科技大学同济医学院附属协和医院,皮肤科专家2,专家团队,672,  副主任医师,朱里,￥50,￥100,9.9
469,陆军军医大学第一附属医院（西南医院）,皮肤科专家门诊,,465,  主任医师,杨希川,￥399,￥800,10.0
470,上海市第六人民医院,普外科,,127,  副主任医师,宗祥云,￥99,￥300,9.7
471,上海交通大学医学院附属新华医院,新生儿科,,505,  主任医师,钱继红,￥200,￥350,9.9
472,东方肝胆外科医院杨浦院区,肝胆外科,专家团队,286,  副主任医师,顾方明,￥120,￥200,10.0
473,上海中医药大学附属岳阳中西医结合医院,肾内科,专家团队,764,  副主任医师,张熙,￥29,￥65,9.9
474,上海市肺科医院,呼吸科,专家团队,527,  副主任医师,苏奕亮,￥90,,9.9
475,上海市第一妇婴保健院西院,男性科,,565,  副主任医师,江宁东,￥60,,9.8
476,华中科技大学同济医学院附属协和医院,妇产科,专家团队,101,  主任医师,刘义,￥200,,8.9
477,上海中医药大学附属曙光医院东院,普外科,,255,  副主任医师,谢晓峰,￥40,￥200,10.0
478,复旦大学附属中山医院,妇科,,377,  副主任医师,马莉,￥100,￥100,9.7
479,华中科技大学同济医学院附属协和医院,内分泌科,专家团队,17,  主任医师,李裕明,￥100,￥100,9.3
480,无锡市第三人民医院,产科,,115,  主任医师,刘建文,￥120,,9.8
481,四川大学华西医院,消化内科,,51,  主任医师,赵颖,￥150,,9.5
482,北京协和医院,特需妇科门诊,专家团队,97,  副主任医师,俞梅,￥200,￥300,10.0
483,上海市肺科医院,胸外科,专家团队,334,  主治医师,吴亮,￥100,￥200,10.0
484,苏州市中医医院,耳鼻咽喉科,,1475,  住院医师,史绍鹏,￥15,￥30,10.0
485,中国人民解放军总医院301医院,普通外科,,58,  住院医师,高云鹤,￥80,,10.0
486,山东省立医院,消化内科,,735,  主治医师,张凡垒,￥10,￥80,9.7
487,北京大学第一医院,小儿眼科,,162,  副主任医师,肇龙,￥90,￥150,9.8
488,兴宁市人民医院,男科,,15577,  主治医师,巫凡,￥23,￥25,9.9
489,山东大学齐鲁医院,妇产科,,30,  主治医师,张露,￥30,￥60,10.0
490,浙江省立同德医院,耳鼻喉科专家门诊,,148,  副主任医师,周丹阳,￥30,￥30,9.9
491,上海儿童医学中心,眼科,,462,  主治医师,李谐,￥30,,10.0
492,广西壮族自治区人民医院,视光中心,,659,  副主任医师,罗武强,￥20,,9.9
493,东方肝胆外科医院杨浦院区,妇科,,2119,  主治医师,王晶晶,￥29,￥60,9.9
494,中日友好医院,心内科门诊,,24,  主任医师,王云,￥100,,9.9
495,沈阳市红十字会医院,耳鼻喉科,,384,  主任医师,李越胜,￥30,￥50,9.9
496,天津市第三中心医院,肝胆外科,,86,  副主任医师,席兆华,￥60,￥120,9.9
497,江苏省人民医院,心血管内科门诊,专家团队,8,  主任医师,陈椿,￥50,,10.0
498,南京市儿童医院,内科门诊(河西),,250,  主任医师,赵乃琤,￥45,,9.7
499,北京朝阳医院,肝胆胰脾外科,,84,  主治医师,张志华,￥60,￥20,9.9
500,广西中医药大学第一附属医院,神经内科,,423,  主治医师,曾飞剑,￥10,￥30,9.9
501,上海市长征医院,骨外三科（创伤修复重建外科）,,38,  主任医师,林浩东,￥80,￥80,9.6
502,中国人民解放军第187中心医院,呼吸内科,,393,  副主任医师,王继承,￥30,,9.7
503,西南医科大学附属医院,神经内科,,631,  副主任医师,陶涛,￥49,￥59,9.9
504,北部战区总医院,消化内科,,1021,  住院医师,彭忠,￥30,,9.7
505,浙江省人民医院,脱发门诊,,257,  主治医师,皇幼明,￥20,￥25,10.0
506,复旦大学附属眼耳鼻喉科医院,眼科,专家团队,172,  副主任医师,吴联群,￥60,,9.9
507,浙江省立同德医院,妇科,,108,  副主任医师,蔡夏琴,￥22,￥100,9.8
508,河北医科大学第四医院,神经内科,,12,  主任医师,李风銮,￥500,,10.0
509,甘肃省第二人民医院,泌尿外科,专家团队,34,  副主任医师,任玉林,￥20,￥50,10.0
510,新乡市中心医院,风湿免疫科,,89,  主治医师,张超,￥25,￥80,9.9
511,潍坊市第二人民医院,中医科,,877,  主任医师,赵连江,￥20,￥50,9.8
512,上海交通大学医学院附属新华医院,产科,,274,  主治医师,熊瑛,￥50,￥100,9.9
513,上海交通大学附属第一人民医院,神经内科(专家),,313,  主治医师,张力,￥39,￥100,10.0
514,宝鸡市中心医院,肿瘤外科,专家团队,76,  主治医师,赵志龙,￥30,,10.0
515,兰州市第一人民医院,针灸科,专家团队,21,  住院医师,尤斌,￥10,￥50,10.0
516,广州市番禺区中医院,全科,,2118,  主治中医师,罗丽琼,￥10,,10.0
517,河间市妇幼保健院,儿科,,6889,  主治医师,姜艳芝,￥25,￥30,10.0
518,利川市民族中医院,呼吸科,,120,  主任医师,范长秋,￥100,￥150,10.0
519,邢台医专第二附属医院,内科,,2366,  主治医师,卢艳丽,￥15,,9.8
520,牡丹江市中医院,儿科,,1283,  副主任医师,全香美,￥20,,9.6
521,遵义医学院附属医院,耳鼻喉科门诊,,514,  主治医师,孙宇鹏,￥12,￥20,9.9
522,冀中能源邢台矿业集团总医院,口腔科,,4209,  主治医师,杨改静,￥10,￥20,9.7
523,河北省人民医院,呼吸内科,,177,  主治医师,张宁,￥25,,9.7
524,云南省第一人民医院,内分泌代谢科,,93,  主任医师,李蕾,￥99,,10.0
525,南通市中医院,肿瘤内科,,1202,  副主任中医师,沈水杰,￥10,￥50,9.5
526,宝塔区凤凰社区卫生服务中心,中西医结合科,,307,  副主任医师,钟才,￥20,￥20,10.0
527,牡丹江医学院附属红旗医院,皮肤科,,605,  主治医师,陈丽丽,￥30,￥40,9.7
528,上海中医药大学附属曙光医院东院,肝硬化兼脂肪肝专科,,57,  主治医师,陈高峰,￥80,￥100,9.9
529,锦州市中医院,呼吸内科,专家团队,445,  主治医师,杨丽丽,￥20,￥80,10.0
530,广东省第二人民医院,心血管内一科,专家团队,12,  副主任医师,余天浩,￥60,,10.0
531,重庆市人民医院,呼吸内科,,9,  副主任医师,姚永秀,￥60,￥60,10.0
532,东方肝胆外科医院杨浦院区,放射科,,5,  主治医师,黄彬,￥120,￥30,10.0
533,钦州市第二人民医院,妇产科,,17,  副主任医师,米建锋,￥20,￥120,9.9
534,西安市精神卫生中心,内科,,1372,  主治医师,付优亮,￥20,￥50,10.0
535,马鞍山市人民医院,泌尿外科,,43,  副主任医师,徐刚,￥16,￥50,9.7
536,北京燕化医院,内分泌,,2984,  主治医师,张东亚,￥10,￥50,9.7
537,河间市人民医院,耳鼻喉科,,6123,  副主任医师,李怀芝,￥30,￥30,9.9
538,烟台毓璜顶医院,内分泌科门诊,,6,  副主任医师,唐与晓,￥50,￥120,10.0
539,东莞市石排医院,皮肤科,,1425,  主治医师,魏威胜,￥68,￥100,9.8
540,平阴县人民医院,消化科,,10289,  主治医师,乔美峰,￥10,￥20,9.8
541,酒泉市人民医院,内科,,19,  主治医师,陈敬德,￥20,,10.0
542,社旗县人民医院,内科,,3494,  主治医师,赵保营,￥15,￥20,9.8
543,海原县人民医院,普外科,,2789,  副主任医师,王春开,￥20,,9.8
544,南通市第三人民医院,儿科,,10,  主治医师,袁小亮,￥30,,10.0
545,潍坊市坊子区人民医院,消化内科,,7290,  主治医师,郎秀婷,￥15,￥30,9.9
546,三峡大学仁和医院,内分泌科,,59,  副主任医师,刘云涛,￥60,,9.8
547,山东省莘县人民医院,中医综合科,,1181,  主治医师,王现磊,￥50,￥60,9.9
548,郑州市第七人民医院,康复医学科,专家团队,269,  住院医师,马帅,￥5,,10.0
549,大佛景区卫生服务中心,内科,,328,  主治医师,江盈宏,￥10,,10.0
550,山东省莘县人民医院,神经内科,,5421,  主治医师,王玉华,￥20,￥30,9.7
551,桐乡市第一人民医院,皮肤科,,3412,  副主任医师,张娟花,￥20,￥20,9.8
552,山东省莘县人民医院,神经内科,,2880,  主治医师,刘永生,￥50,￥100,10.0
553,信阳市第二人民医院,内科,,4459,  主治医师,李正波,￥29,,9.6
554,佛山市南海区人民医院,心血管内科,,8,  副主任医师,杨泽福,￥500,,10.0
555,章丘市中医医院,肿瘤科,,11,  主治医师,安海霞,￥20,,10.0
556,牡丹江心血管病医院,内一科,,15,  主治医师,陈东麟,￥10,,10.0
557,大佛景区卫生服务中心,外科,,1103,  副主任医师,曾晓曦,￥20,,10.0
558,江陵县人民医院,皮肤科,,346,  副主任医师,贺世豪,￥28,,9.7
559,中国人民解放军总医院301医院,骨科,专家团队,200,  主任医师,王征,￥1000,,9.6
560,上海交通大学医学院附属瑞金医院,门诊普外,,1459,  主任医师,严佶祺,￥199,,9.7
561,中国人民解放军总医院301医院,肿瘤内科,专家团队,83,  主任医师,白莉,￥800,￥1200,9.3
562,复旦大学附属华山医院,泌尿科,专家团队,1435,  副主任医师,陈善闻,￥110,￥200,9.8
563,中国人民解放军总医院301医院,普通外科,,75,  主任医师,姚胜,￥50,￥200,9.7
564,复旦大学附属华山医院,泌尿科,,1103,  主任医师,徐可,￥100,,9.7
565,中国人民解放军总医院301医院,乳腺肿瘤外科,,168,  副主任医师,孔庆龙,￥100,￥230,9.9
566,中国人民解放军总医院301医院,呼吸内科,专家团队,143,  主任医师,牟小芬,￥160,￥150,9.3
567,复旦大学附属华山医院,神经外科,,91,  副主任医师,丁兴华,￥100,,9.6
568,常州市中医医院,皮肤科,专家团队,430,  主任中医师,徐刚,￥100,￥200,9.6
569,复旦大学附属华山医院,整形外科,专家团队,70,  主任医师,穆雄铮,￥50,,9.2
570,西安交大一附院韩城医院,乳腺病科,专家团队,273,  主任医师,盛薇,￥79,￥120,10.0
571,上海交通大学医学院附属仁济医院东院,骨关节外科-6,专家团队,349,  主任医师,岳冰,￥60,,9.8
572,上海交通大学医学院附属瑞金医院,心外科,,63,  副主任医师,王哲,￥60,￥120,9.9
573,青岛大学附属医院市南院区,口腔颌面外科门诊,专家团队,96,  主任医师,肖文林,￥50,￥200,9.8
574,中国人民解放军总医院301医院,骨科,专家团队,34,  副主任医师,贾金鹏,￥100,,8.8
575,复旦大学附属华山医院,皮肤科,专家团队,16,  副主任医师,张成锋,￥200,,9.8
576,中国人民解放军总医院301医院,骨科,专家团队,108,  主治医师,申学振,￥40,,9.9
577,海南医学院第一附属医院,生殖医学科,专家团队,58,  主任医师,黎明红,￥79,￥88,10.0
578,华中科技大学同济医学院附属协和医院,肿瘤门诊/乳甲中心,,2132,  副主任医师,梅藜,￥30,￥80,10.0
579,郑州大学第一附属医院,骨科门诊,,98,  主任医师,王珏,￥39,￥120,10.0
580,同济大学附属口腔医院,牙体牙髓病二科,,753,  主任医师,蒋备战,￥100,￥150,9.9
581,上海交通大学医学院附属第九人民医院,整复外科,专家团队,1215,  副主任医师,许志成,￥80,￥90,9.9
582,江苏省中西医结合医院,肾科,专家团队,510,  主任中医师,谢圣芳,￥38,￥80,9.9
583,上海交通大学医学院附属第九人民医院北部院区,皮肤科,,1096,  副主任医师,马勇,￥79,,10.0
584,上海市东方医院总院,消化内科,,192,  主任医师,朱峰,￥98,￥320,10.0
585,空军军医大学西京医院,肿瘤科,专家团队,63,  副主任医师,范黎,￥60,,9.9
586,复旦大学附属肿瘤医院,乳腺外科,专家团队,788,  副主任医师,凌泓,￥100,￥600,9.9
587,上海长海医院,消化内科,,199,  副主任医师,陈洁,￥100,,9.6
588,中国医科大学附属第一医院,胸外科,,179,  主任医师,张军,￥160,￥160,9.9
589,复旦大学附属肿瘤医院,头颈外科,,397,  主任医师,王卓颖,￥399,,9.7
590,复旦大学附属妇产科医院杨浦院区,超声科,专家团队,413,  副主任医师,谢梦,￥80,￥200,9.9
591,北部战区总医院,儿科,专家团队,3077,  主治医师,吕红娇,￥29,,10.0
592,复旦大学附属华山医院北院,普外科,,48,  副主任医师,王昕海,￥50,￥100,9.4
593,常州市第一人民医院,消化内科,,546,  主治医师,苗鲁杰,￥25,￥30,9.9
594,空军军医大学西京医院,小儿科,,336,  主治医师,石曌玲,￥35,￥100,9.6
595,上海交通大学附属第一人民医院,普外肝胆胰外科(专家),,30,  副主任医师,邢同海,￥49,￥49,9.8
596,广东省妇幼保健院番禺院区,小儿泌尿外科,,34,  副主任医师,劳伟华,￥60,￥90,9.8
597,中日友好医院,普通外科门诊,,165,  主任医师,冯向东,￥60,￥100,9.9
598,河北省胸科医院,结核一科,,6,  主任医师,张红漫,￥20,,10.0
599,复旦大学附属华东医院,呼吸内科,,45,  主任医师,徐轶,￥70,,9.8
600,浙江萧山医院,耳鼻咽喉科,,4894,  主治医师,章林海,￥10,￥29,9.8
601,复旦大学附属华山医院,骨科,专家团队,144,  主治医师,金翔,￥30,￥100,9.8
602,鄂州市中心医院,儿科,,40,  主任医师,邵荣昌,￥30,￥50,9.9
603,石家庄市妇产医院,泌尿外科,,136,  副主任医师,王华玖,￥30,￥20,9.8
604,西安交通大学第二附属医院,小儿内科,专家团队,164,  副主任医师,李静,￥25,,9.9
605,章丘市中医医院,消化内科,,1043,  副主任医师,任文良,￥30,￥80,9.9
606,浙江大学医学院附属第一医院,生殖医学中心门诊,,38,  主治医师,杜从启,￥30,￥50,10.0
607,南京鼓楼医院,普通外科,,63,  主治医师,彭进,￥30,￥80,10.0
